<?xml version="1.0" encoding="UTF-8" standalone="yes"?>
<ClinicalDocument classCode="DOCCLIN" moodCode="EVN" xmlns:ns2="http://ns.electronichealth.net.au/Ci/Cda/Extensions/3.0" xmlns="urn:hl7-org:v3">
    <typeId root="2.16.840.1.113883.1.3" extension="POCD_HD000040"/>
    <templateId root="1.2.36.1.2001.1001.101.100.21000" extension="1.1"/>
    <id root="2.25.45621692805423491263903912903702023236"/>
    <code code="57133-1" codeSystem="2.16.840.1.113883.6.1" codeSystemName="LOINC" displayName="Referral note"/>
    <effectiveTime value="20120322143759"/>
    <confidentialityCode nullFlavor="NA"/>
    <versionNumber value="1"/>
    <ns2:completionCode code="F" codeSystem="1.2.36.1.2001.1001.101.104.20104" codeSystemName="NCTIS Document Status Values" displayName="Final"/>
    <recordTarget typeCode="RCT" contextControlCode="OP">
        <patientRole classCode="PAT">
            <id root="ADN-7344888"/>
            <addr use="H">
                <streetAddressLine>15 CAMELIA AVENUE</streetAddressLine>
                <state>NSW</state>
                <postalCode>2154</postalCode>
                <country>Australia</country>
                <city>CASTLE HILL</city>
            </addr>
            <telecom use="H" value="tel:0410077704"/>
            <patient>
                <name>
                    <given>SARAH</given>
                    <family>BARNES</family>
                    <prefix>MRS</prefix>
                </name>
                <administrativeGenderCode displayName="F">
                    <originalText>F</originalText>
                </administrativeGenderCode>
                <birthTime value="19340301000000"/>
                <ns2:asEntityIdentifier classCode="IDENT">
                    <ns2:id root="1.2.36.1.2001.1003.0.8003600000002227" assigningAuthorityName="IHI"/>
                    <ns2:assigningGeographicArea classCode="PLC" determinerCode="INSTANCE">
                        <ns2:name>National Identifier</ns2:name>
                    </ns2:assigningGeographicArea>
                </ns2:asEntityIdentifier>
            </patient>
        </patientRole>
    </recordTarget>
    <author typeCode="AUT" contextControlCode="OP">
        <time value="20120322143700"/>
        <assignedAuthor>
            <id root="SUID-1000379" assigningAuthorityName="SVH"/>
            <code nullFlavor="NI"/>
            <addr use="WP">
                <streetAddressLine>The Specialist Clinic Group Pty Ltd Level 1, St Vincent's Medical Centre 376 Victoria Street</streetAddressLine>
                <state>NSW</state>
                <postalCode>2010</postalCode>
                <country>Australia</country>
            </addr>
            <telecom use="WP" value="tel:9130 8033"/>
            <assignedPerson classCode="PSN" determinerCode="INSTANCE">
                <name>
                    <given>EDGAR</given>
                    <family>EHSEED</family>
                    <prefix>DR</prefix>
                </name>
                <ns2:asEntityIdentifier nullFlavor="NI" classCode="IDENT">
                    <ns2:id nullFlavor="NI"/>
                </ns2:asEntityIdentifier>
            </assignedPerson>
            <representedOrganization classCode="ORG" determinerCode="INSTANCE">
                <name>5 - Level 5</name>
                <asOrganizationPartOf>
                    <wholeOrganization classCode="ORG" determinerCode="INSTANCE">
                        <name>St Vincents PUBLIC Hospital</name>
                        <ns2:asEntityIdentifier nullFlavor="NI" classCode="IDENT">
                            <ns2:id nullFlavor="NI"/>
                        </ns2:asEntityIdentifier>
                    </wholeOrganization>
                </asOrganizationPartOf>
            </representedOrganization>
        </assignedAuthor>
    </author>
    <custodian typeCode="CST">
        <assignedCustodian classCode="ASSIGNED">
            <representedCustodianOrganization classCode="ORG">
                <id root="ENTID-SVH" assigningAuthorityName="Emerging Systems"/>
                <addr use="WP">
                    <streetAddressLine>10/24 Gladstone Rd</streetAddressLine>
                    <state>NSW</state>
                    <postalCode>2035</postalCode>
                    <city>Castle Hill</city>
                </addr>
            </representedCustodianOrganization>
        </assignedCustodian>
    </custodian>
    <informationRecipient typeCode="PRCP">
        <intendedRecipient classCode="ASSIGNED">
            <id root="PROV-2"/>
            <ns2:code displayName="General Practitioner">
                <originalText>General Practitioner</originalText>
            </ns2:code>
            <addr use="WP">
                <streetAddressLine>LIVERPOOL HOSPITAL</streetAddressLine>
                <state>NSW</state>
                <postalCode>2170</postalCode>
                <country>Australia</country>
                <city>LIVERPOOL</city>
            </addr>
            <informationRecipient classCode="PSN" determinerCode="INSTANCE">
                <name>
                    <given>CHRISTOPHER</given>
                    <family>EHSENCH</family>
                    <prefix>DR</prefix>
                </name>
                <ns2:asEntityIdentifier nullFlavor="NI" classCode="IDENT">
                    <ns2:id nullFlavor="NI"/>
                </ns2:asEntityIdentifier>
            </informationRecipient>
            <receivedOrganization classCode="ORG" determinerCode="INSTANCE"/>
        </intendedRecipient>
    </informationRecipient>
    <legalAuthenticator typeCode="LA" contextControlCode="OP">
        <time value="20120322143700"/>
        <signatureCode code="S"/>
        <assignedEntity classCode="ASSIGNED">
            <id root="SUID-1000379" assigningAuthorityName="SVH"/>
            <code nullFlavor="NI"/>
            <addr use="WP">
                <streetAddressLine>The Specialist Clinic Group Pty Ltd Level 1, St Vincent's Medical Centre 376 Victoria Street</streetAddressLine>
                <state>NSW</state>
                <postalCode>2010</postalCode>
                <country>Australia</country>
            </addr>
            <telecom use="WP" value="tel:9130 8033"/>
            <assignedPerson classCode="PSN" determinerCode="INSTANCE">
                <name>
                    <given>EDGAR</given>
                    <family>EHSEED</family>
                    <prefix>DR</prefix>
                </name>
                <ns2:asEntityIdentifier nullFlavor="NI" classCode="IDENT">
                    <ns2:id nullFlavor="NI"/>
                </ns2:asEntityIdentifier>
            </assignedPerson>
            <representedOrganization classCode="ORG" determinerCode="INSTANCE">
                <name>St Vincents PUBLIC Hospital</name>
                <ns2:asEntityIdentifier nullFlavor="NI" classCode="IDENT">
                    <ns2:id nullFlavor="NI"/>
                </ns2:asEntityIdentifier>
            </representedOrganization>
        </assignedEntity>
    </legalAuthenticator>
    <participant typeCode="ORG">
        <associatedEntity classCode="PROV">
            <code displayName="5 - Level 5">
                <originalText>5 - Level 5</originalText>
            </code>
        </associatedEntity>
    </participant>
    <participant typeCode="PART">
        <associatedEntity classCode="PROV">
            <id root="SYSKEY-575"/>
            <code displayName="Admitting Medical Officer">
                <originalText>Admitting Medical Officer</originalText>
            </code>
            <addr use="WP">
                <streetAddressLine>The Specialist Clinic Group Pty Ltd
Level 1, St Vincent's Medical Centre
376 Victoria Street</streetAddressLine>
                <state>NSW</state>
                <postalCode>2010</postalCode>
                <country>Australia</country>
                <city>DARLINGHURST</city>
            </addr>
            <telecom use="WP" value="tel:9130 8033"/>
            <telecom use="WP" value="fax:9360 7673"/>
            <associatedPerson classCode="PSN" determinerCode="INSTANCE">
                <name>
                    <given>EDGAR</given>
                    <family>EHSEED</family>
                    <prefix>DR</prefix>
                </name>
                <ns2:asEntityIdentifier nullFlavor="NI" classCode="IDENT">
                    <ns2:id nullFlavor="NI"/>
                </ns2:asEntityIdentifier>
            </associatedPerson>
            <scopingOrganization classCode="ORG" determinerCode="INSTANCE">
                <name use="L">5 - Level 5</name>
                <asOrganizationPartOf>
                    <wholeOrganization classCode="ORG" determinerCode="INSTANCE">
                        <name use="ORGL">St Vincents PUBLIC Hospital</name>
                        <ns2:asEntityIdentifier nullFlavor="NI" classCode="IDENT">
                            <ns2:id nullFlavor="NI"/>
                        </ns2:asEntityIdentifier>
                    </wholeOrganization>
                </asOrganizationPartOf>
            </scopingOrganization>
        </associatedEntity>
    </participant>
    <participant typeCode="REFT">
        <associatedEntity classCode="PROV">
            <id root="SYSKEY-575"/>
            <code displayName="Treating Doctor">
                <originalText>Treating Doctor</originalText>
            </code>
            <addr use="WP">
                <streetAddressLine>The Specialist Clinic Group Pty Ltd
Level 1, St Vincent's Medical Centre
376 Victoria Street</streetAddressLine>
                <state>NSW</state>
                <postalCode>2010</postalCode>
                <country>Australia</country>
                <city>DARLINGHURST</city>
            </addr>
            <telecom use="WP" value="tel:9130 8033"/>
            <telecom use="WP" value="fax:9360 7673"/>
            <associatedPerson classCode="PSN" determinerCode="INSTANCE">
                <name>
                    <given>EDGAR</given>
                    <family>EHSEED</family>
                    <prefix>DR</prefix>
                </name>
                <ns2:asEntityIdentifier nullFlavor="NI" classCode="IDENT">
                    <ns2:id nullFlavor="NI"/>
                </ns2:asEntityIdentifier>
            </associatedPerson>
        </associatedEntity>
    </participant>
    <componentOf>
        <encompassingEncounter classCode="ENC" moodCode="EVN">
            <effectiveTime>
                <low value="20111115120000"/>
                <high value="20120207155300"/>
            </effectiveTime>
            <encounterParticipant typeCode="DIS">
                <assignedEntity classCode="ASSIGNED">
                    <id root="SYSKEY-575"/>
                    <code displayName="Admitting Medical Officer">
                        <originalText>Admitting Medical Officer</originalText>
                    </code>
                    <addr use="WP">
                        <streetAddressLine>The Specialist Clinic Group Pty Ltd!CR!LFLevel 1, St Vincent&amp;#39;s Medical Centre!CR!LF376 Victoria Street</streetAddressLine>
                        <state>NSW</state>
                        <postalCode>2010</postalCode>
                        <country>Australia</country>
                        <city>DARLINGHURST</city>
                    </addr>
                    <telecom use="WP" value="tel:9130 8033"/>
                    <telecom use="WP" value="fax:9360 7673"/>
                    <assignedPerson classCode="PSN" determinerCode="INSTANCE">
                        <name>
                            <given>EDGAR</given>
                            <family>EHSEED</family>
                            <prefix>DR</prefix>
                        </name>
                        <ns2:asEntityIdentifier nullFlavor="NI" classCode="IDENT">
                            <ns2:id nullFlavor="NI"/>
                        </ns2:asEntityIdentifier>
                    </assignedPerson>
                </assignedEntity>
            </encounterParticipant>
        </encompassingEncounter>
    </componentOf>
    <component>
        <structuredBody>
            <component>
                <section>
                    <entry typeCode="DRIV" contextConductionInd="true">
                        <observationMedia ID="LOGO" classCode="OBS" moodCode="EVN">
                            <id root="5749bbee-3e16-424b-9f12-15b56dd8a47f"/>
                            <value mediaType="image/png">
                                <reference value="svha-logo.png"/>
                            </value>
                        </observationMedia>
                    </entry>
                </section>
            </component>
            <component typeCode="COMP" contextConductionInd="true">
                <section classCode="DOCSECT" moodCode="EVN">
                    <code code="101.16117" codeSystem="1.2.36.1.2001.1001.101" codeSystemName="NCTIS Data Components" displayName="Medical History"/>
                    <title>Medical History</title>
                    <text>
                        <table>
                            <caption>DIAGNOSIS</caption>
                            <thead>
                                <tr>
                                    <th>Diagnosis</th>
                                    <th>Diagnosis Date</th>
                                </tr>
                            </thead>
                            <tbody>
                                <tr>
                                    <td>
                                        <content>INVESTIGATION OF LUNG MALIGNANCY
                                            <br></br>
                                        </content>
                                    </td>
                                    <td>
                                        <content>17 Nov 2011 12:01:37:497
                                            <br></br>
                                        </content>
                                    </td>
                                </tr>
                            </tbody>
                        </table>
                    </text>
                </section>
            </component>
            <component>
                <section classCode="DOCSECT" moodCode="EVN">
                    <code code="102.16347" codeSystem="1.2.36.1.2001.1001.101" codeSystemName="NCTIS Data Components" displayName="Referral Detail"/>
                    <title>Referral Detail</title>
                    <text>
                        <table>
                            <caption>Added as Treating Doctor</caption>
                            <thead>
                                <tr>
                                    <th>Name</th>
                                    <th>Organisation</th>
                                    <th>Address</th>
                                    <th>Contact</th>
                                </tr>
                            </thead>
                            <tbody>
                                <tr>
                                    <td>
                                        <content>DR EDGAR EHSEED
                                            <br></br>
                                        </content>
                                    </td>
                                    <td>
                                        <content>St Vincents PUBLIC Hospital
                                            <br></br>
                                        </content>
                                    </td>
                                    <td>
                                        <content>The Specialist Clinic Group Pty Ltd Level 1, St Vincent's Medical Centre 376 Victoria Street DARLINGHURST, NSW, 2010, Australia
                                            <br></br>
                                        </content>
                                    </td>
                                    <td>
                                        <content>9130 8033
                                            <br></br>
                                        </content>
                                    </td>
                                </tr>
                            </tbody>
                        </table>
                    </text>
                    <entry>
                        <observation classCode="OBS" moodCode="EVN">
                            <code code="103.16620" codeSystem="1.2.36.1.2001.1001.101" codeSystemName="NCTIS Data Components" displayName="Referral DateTime"/>
                            <effectiveTime>
                                <low value="20120322000000"/>
                            </effectiveTime>
                        </observation>
                    </entry>
                    <entry>
                        <observation classCode="OBS" moodCode="EVN">
                            <code code="42349-1" codeSystem="2.16.840.1.113883.6.1" codeSystemName="LOINC" displayName="Reason for referral"/>
                            <derivationExpr>Added as treating Doctor - Access to Patient records granted.</derivationExpr>
                        </observation>
                    </entry>
                    <entry>
                        <observation classCode="OBS" moodCode="EVN">
                            <code code="103.16622" codeSystem="1.2.36.1.2001.1001.101" codeSystemName="NCTIS Data Components" displayName="Referral Validity Duration"/>
                            <effectiveTime>
                                <low value="20120322000000"/>
                                <high value="20120622000000"/>
                            </effectiveTime>
                        </observation>
                    </entry>
                </section>
            </component>
        </structuredBody>
    </component>
</ClinicalDocument>
