<?xml version="1.0" encoding="UTF-8" standalone="yes"?>
<ns3:SubmitObjectsRequest xmlns:ns2="urn:oasis:names:tc:ebxml-regrep:xsd:rs:3.0" xmlns="urn:oasis:names:tc:ebxml-regrep:xsd:rim:3.0" xmlns:ns3="urn:oasis:names:tc:ebxml-regrep:xsd:lcm:3.0">
    <RegistryObjectList>
        <Identifiable xsi:type="ExtrinsicObjectType" mimeType="application/xml" objectType="urn:uuid:7edca82f-054d-47f2-a032-9b2a5b5186c1" id="urn:uuid:95bf364e-1ccc-48c2-923a-bcf2a2d1d3da" xmlns:xsi="http://www.w3.org/2001/XMLSchema-instance">
            <Slot name="creationTime">
                <ValueList>
                    <Value>20120322143759</Value>
                </ValueList>
            </Slot>
            <Slot name="sourcePatientId">
                <ValueList>
                    <Value>8003600000002227^^^&amp;1.2.36.1.2001.1003.0&amp;ISO</Value>
                </ValueList>
            </Slot>
            <Slot name="languageCode">
                <ValueList>
                    <Value>au-en</Value>
                </ValueList>
            </Slot>
            <Slot name="URI">
                <ValueList>
                    <Value>CDA_ROOT.XML</Value>
                </ValueList>
            </Slot>
            <Classification classificationScheme="urn:uuid:93606bcf-9494-43ec-9b4e-a7748d1a838d" classifiedObject="urn:uuid:95bf364e-1ccc-48c2-923a-bcf2a2d1d3da" nodeRepresentation="" objectType="urn:oasis:names:tc:ebxmlregrep:ObjectType:RegistryObject:Classification" id="ID_006">
                <Slot name="authorPerson">
                    <ValueList>
                        <Value>^EHSEED^EDGAR^^DR^^^^&amp;&amp;ISO</Value>
                    </ValueList>
                </Slot>
                <Slot name="authorInstitution">
                    <ValueList>
                        <Value>St Vincents PUBLIC Hospital^^^^^^^^^.</Value>
                    </ValueList>
                </Slot>
            </Classification>
            <Classification classificationScheme="urn:uuid:41a5887f-8865-4c09-adf7-e362475b143a" classifiedObject="urn:uuid:95bf364e-1ccc-48c2-923a-bcf2a2d1d3da" nodeRepresentation="57133-1" objectType="urn:oasis:names:tc:ebxmlregrep:ObjectType:RegistryObject:Classification" id="ID_008">
                <Slot name="codingScheme">
                    <ValueList>
                        <Value>LOINC</Value>
                    </ValueList>
                </Slot>
                <Name>
                    <LocalizedString value="Referral note"/>
                </Name>
            </Classification>
            <Classification classificationScheme="urn:uuid:f4f85eac-e6cb-4883-b524-f2705394840f" classifiedObject="urn:uuid:95bf364e-1ccc-48c2-923a-bcf2a2d1d3da" nodeRepresentation="385432009" objectType="urn:oasis:names:tc:ebxmlregrep:ObjectType:RegistryObject:Classification" id="ID_009">
                <Slot name="codingScheme">
                    <ValueList>
                        <Value>SNOMED-CT</Value>
                    </ValueList>
                </Slot>
                <Name>
                    <LocalizedString value="Not applicable"/>
                </Name>
            </Classification>
            <Classification classificationScheme="urn:uuid:a09d5840-386c-46f2-b5ad-9c3699a4309d" classifiedObject="urn:uuid:95bf364e-1ccc-48c2-923a-bcf2a2d1d3da" nodeRepresentation="385432009" objectType="urn:oasis:names:tc:ebxmlregrep:ObjectType:RegistryObject:Classification" id="ID_010">
                <Slot name="codingScheme">
                    <ValueList>
                        <Value>SNOMED-CT</Value>
                    </ValueList>
                </Slot>
                <Name>
                    <LocalizedString value="Not applicable"/>
                </Name>
            </Classification>
            <Classification classificationScheme="urn:uuid:f33fb8ac-18af-42cc-ae0e-ed0b0bdb91e1" classifiedObject="urn:uuid:95bf364e-1ccc-48c2-923a-bcf2a2d1d3da" nodeRepresentation="8401" objectType="urn:oasis:names:tc:ebxmlregrep:ObjectType:RegistryObject:Classification" id="ID_011">
                <Slot name="codingScheme">
                    <ValueList>
                        <Value>ANZSIC</Value>
                    </ValueList>
                </Slot>
                <Name>
                    <LocalizedString value="Hospitals (except Psychiatric Hospitals)"/>
                </Name>
            </Classification>
            <Classification classificationScheme="urn:uuid:cccf5598-8b07-4b77-a05e-ae952c785ead" classifiedObject="urn:uuid:95bf364e-1ccc-48c2-923a-bcf2a2d1d3da" nodeRepresentation="8401-6" objectType="urn:oasis:names:tc:ebxmlregrep:ObjectType:RegistryObject:Classification" id="ID_012">
                <Slot name="codingScheme">
                    <ValueList>
                        <Value>ANZSIC</Value>
                    </ValueList>
                </Slot>
                <Name>
                    <LocalizedString value="Hospital (except psychiatric or veterinary hospitals)"/>
                </Name>
            </Classification>
            <Classification classificationScheme="urn:uuid:f0306f51-975f-434e-a61c-c59651d33983" classifiedObject="urn:uuid:95bf364e-1ccc-48c2-923a-bcf2a2d1d3da" nodeRepresentation="57133-1" objectType="urn:oasis:names:tc:ebxmlregrep:ObjectType:RegistryObject:Classification" id="ID_013">
                <Slot name="codingScheme">
                    <ValueList>
                        <Value>LOINC</Value>
                    </ValueList>
                </Slot>
                <Name>
                    <LocalizedString value="Referral note"/>
                </Name>
            </Classification>
            <ExternalIdentifier registryObject="urn:uuid:95bf364e-1ccc-48c2-923a-bcf2a2d1d3da" identificationScheme="urn:uuid:2e82c1f6-a085-4c72-9da3-8640a32e42ab" value="2.25.45621692805423491263903912903702023236" objectType="urn:oasis:names:tc:ebxmlregrep:ObjectType:RegistryObject:ExternalIdentifier" id="ID_002">
                <Name>
                    <LocalizedString value="XDSDocumentEntry.uniqueId"/>
                </Name>
            </ExternalIdentifier>
            <ExternalIdentifier registryObject="urn:uuid:95bf364e-1ccc-48c2-923a-bcf2a2d1d3da" identificationScheme="urn:uuid:58a6f841-87b3-4a3e-92fd-a8ffeff98427" value="8003600000002227^^^&amp;1.2.36.1.2001.1003.0&amp;ISO" objectType="urn:oasis:names:tc:ebxmlregrep:ObjectType:RegistryObject:ExternalIdentifier" id="ID_005">
                <Name>
                    <LocalizedString value="XDSDocumentEntry.patientId"/>
                </Name>
            </ExternalIdentifier>
            <ExternalIdentifier registryObject="urn:uuid:95bf364e-1ccc-48c2-923a-bcf2a2d1d3da" identificationScheme="urn:uuid:554ac39e-e3fe-47fe-b233-965d2a147832" value="St Vincents PUBLIC Hospital^^^^^^^^^." objectType="urn:oasis:names:tc:ebxmlregrep:ObjectType:RegistryObject:ExternalIdentifier" id="ID_007">
                <Name>
                    <LocalizedString value="XDSSubmissionSet.sourceId"/>
                </Name>
            </ExternalIdentifier>
        </Identifiable>
        <Identifiable xsi:type="RegistryPackageType" id="urn:uuid:c7ef9bef-f6cf-4074-9f6f-dc9cd719d493" xmlns:xsi="http://www.w3.org/2001/XMLSchema-instance">
            <Slot name="submissionTime">
                <ValueList>
                    <Value>20120322143759</Value>
                </ValueList>
            </Slot>
            <Classification classificationScheme="urn:uuid:a7058bb9-b4e4-4307-ba5b-e3f0ab85e12d" classifiedObject="urn:uuid:c7ef9bef-f6cf-4074-9f6f-dc9cd719d493" nodeRepresentation="" objectType="urn:oasis:names:tc:ebxmlregrep:ObjectType:RegistryObject:Classification" id="ID_015">
                <Slot name="authorPerson">
                    <ValueList>
                        <Value>^EHSEED^EDGAR^^DR^^^^&amp;&amp;ISO</Value>
                    </ValueList>
                </Slot>
                <Slot name="authorInstitution">
                    <ValueList>
                        <Value>St Vincents PUBLIC Hospital^^^^^^^^^.</Value>
                    </ValueList>
                </Slot>
            </Classification>
            <Classification classificationScheme="urn:uuid:aa543740-bdda-424e-8c96-df4873be8500" classifiedObject="urn:uuid:c7ef9bef-f6cf-4074-9f6f-dc9cd719d493" nodeRepresentation="57133-1" objectType="urn:oasis:names:tc:ebxmlregrep:ObjectType:RegistryObject:Classification" id="ID_017">
                <Slot name="codingScheme">
                    <ValueList>
                        <Value>LOINC</Value>
                    </ValueList>
                </Slot>
                <Name>
                    <LocalizedString value="Referral note"/>
                </Name>
            </Classification>
            <ExternalIdentifier registryObject="urn:uuid:c7ef9bef-f6cf-4074-9f6f-dc9cd719d493" identificationScheme="urn:uuid:96fdda7c-d067-4183-912e-bf5ee74998a8" value="2.25.275559171011385389047259851187573184339" objectType="urn:oasis:names:tc:ebxmlregrep:ObjectType:RegistryObject:ExternalIdentifier" id="ID_001">
                <Name>
                    <LocalizedString value="XDSSubmissionSet.uniqueId"/>
                </Name>
            </ExternalIdentifier>
            <ExternalIdentifier registryObject="urn:uuid:c7ef9bef-f6cf-4074-9f6f-dc9cd719d493" identificationScheme="urn:uuid:6b5aea1a-874d-4603-a4bc-96a0a7b38446" value="8003600000002227^^^&amp;1.2.36.1.2001.1003.0&amp;ISO" objectType="urn:oasis:names:tc:ebxmlregrep:ObjectType:RegistryObject:ExternalIdentifier" id="ID_014">
                <Name>
                    <LocalizedString value="XDSSubmissionSet.patientId"/>
                </Name>
            </ExternalIdentifier>
            <ExternalIdentifier registryObject="urn:uuid:c7ef9bef-f6cf-4074-9f6f-dc9cd719d493" identificationScheme="urn:uuid:554ac39e-e3fe-47fe-b233-965d2a147832" value="St Vincents PUBLIC Hospital^^^^^^^^^." objectType="urn:oasis:names:tc:ebxmlregrep:ObjectType:RegistryObject:ExternalIdentifier" id="ID_016">
                <Name>
                    <LocalizedString value="XDSSubmissionSet.sourceId"/>
                </Name>
            </ExternalIdentifier>
        </Identifiable>
        <Identifiable xsi:type="ExtrinsicObjectType" mimeType="image/png" objectType="urn:uuid:7edca82f-054d-47f2-a032-9b2a5b5186c1" id="urn:uuid:1ba84a13-e9bc-4a75-9c0e-ca8ac65e70c1" xmlns:xsi="http://www.w3.org/2001/XMLSchema-instance">
            <Slot name="creationTime">
                <ValueList>
                    <Value>20120322143759</Value>
                </ValueList>
            </Slot>
            <Slot name="sourcePatientId">
                <ValueList>
                    <Value>8003600000002227^^^&amp;1.2.36.1.2001.1003.0&amp;ISO</Value>
                </ValueList>
            </Slot>
            <Slot name="languageCode">
                <ValueList>
                    <Value>au-en</Value>
                </ValueList>
            </Slot>
            <Slot name="URI">
                <ValueList>
                    <Value>svha-logo.png</Value>
                </ValueList>
            </Slot>
            <Classification classificationScheme="urn:uuid:93606bcf-9494-43ec-9b4e-a7748d1a838d" classifiedObject="urn:uuid:1ba84a13-e9bc-4a75-9c0e-ca8ac65e70c1" nodeRepresentation="" objectType="urn:oasis:names:tc:ebxmlregrep:ObjectType:RegistryObject:Classification" id="ID_019">
                <Slot name="authorPerson">
                    <ValueList>
                        <Value>^EHSEED^EDGAR^^DR^^^^&amp;&amp;ISO</Value>
                    </ValueList>
                </Slot>
                <Slot name="authorInstitution">
                    <ValueList>
                        <Value>St Vincents PUBLIC Hospital^^^^^^^^^.</Value>
                    </ValueList>
                </Slot>
            </Classification>
            <Classification classificationScheme="urn:uuid:41a5887f-8865-4c09-adf7-e362475b143a" classifiedObject="urn:uuid:1ba84a13-e9bc-4a75-9c0e-ca8ac65e70c1" nodeRepresentation="57133-1" objectType="urn:oasis:names:tc:ebxmlregrep:ObjectType:RegistryObject:Classification" id="ID_021">
                <Slot name="codingScheme">
                    <ValueList>
                        <Value>LOINC</Value>
                    </ValueList>
                </Slot>
                <Name>
                    <LocalizedString value="Referral note"/>
                </Name>
            </Classification>
            <Classification classificationScheme="urn:uuid:f4f85eac-e6cb-4883-b524-f2705394840f" classifiedObject="urn:uuid:1ba84a13-e9bc-4a75-9c0e-ca8ac65e70c1" nodeRepresentation="385432009" objectType="urn:oasis:names:tc:ebxmlregrep:ObjectType:RegistryObject:Classification" id="ID_022">
                <Slot name="codingScheme">
                    <ValueList>
                        <Value>SNOMED-CT</Value>
                    </ValueList>
                </Slot>
                <Name>
                    <LocalizedString value="Not applicable"/>
                </Name>
            </Classification>
            <Classification classificationScheme="urn:uuid:a09d5840-386c-46f2-b5ad-9c3699a4309d" classifiedObject="urn:uuid:1ba84a13-e9bc-4a75-9c0e-ca8ac65e70c1" nodeRepresentation="385432009" objectType="urn:oasis:names:tc:ebxmlregrep:ObjectType:RegistryObject:Classification" id="ID_023">
                <Slot name="codingScheme">
                    <ValueList>
                        <Value>SNOMED-CT</Value>
                    </ValueList>
                </Slot>
                <Name>
                    <LocalizedString value="Not applicable"/>
                </Name>
            </Classification>
            <Classification classificationScheme="urn:uuid:f33fb8ac-18af-42cc-ae0e-ed0b0bdb91e1" classifiedObject="urn:uuid:1ba84a13-e9bc-4a75-9c0e-ca8ac65e70c1" nodeRepresentation="8401" objectType="urn:oasis:names:tc:ebxmlregrep:ObjectType:RegistryObject:Classification" id="ID_024">
                <Slot name="codingScheme">
                    <ValueList>
                        <Value>ANZSIC</Value>
                    </ValueList>
                </Slot>
                <Name>
                    <LocalizedString value="Hospitals (except Psychiatric Hospitals)"/>
                </Name>
            </Classification>
            <Classification classificationScheme="urn:uuid:cccf5598-8b07-4b77-a05e-ae952c785ead" classifiedObject="urn:uuid:1ba84a13-e9bc-4a75-9c0e-ca8ac65e70c1" nodeRepresentation="8401-6" objectType="urn:oasis:names:tc:ebxmlregrep:ObjectType:RegistryObject:Classification" id="ID_025">
                <Slot name="codingScheme">
                    <ValueList>
                        <Value>ANZSIC</Value>
                    </ValueList>
                </Slot>
                <Name>
                    <LocalizedString value="Hospital (except psychiatric or veterinary hospitals)"/>
                </Name>
            </Classification>
            <Classification classificationScheme="urn:uuid:f0306f51-975f-434e-a61c-c59651d33983" classifiedObject="urn:uuid:1ba84a13-e9bc-4a75-9c0e-ca8ac65e70c1" nodeRepresentation="57133-1" objectType="urn:oasis:names:tc:ebxmlregrep:ObjectType:RegistryObject:Classification" id="ID_026">
                <Slot name="codingScheme">
                    <ValueList>
                        <Value>LOINC</Value>
                    </ValueList>
                </Slot>
                <Name>
                    <LocalizedString value="Referral note"/>
                </Name>
            </Classification>
            <ExternalIdentifier registryObject="urn:uuid:1ba84a13-e9bc-4a75-9c0e-ca8ac65e70c1" identificationScheme="urn:uuid:2e82c1f6-a085-4c72-9da3-8640a32e42ab" value="2.25.331998508116681928228192760262381449945" objectType="urn:oasis:names:tc:ebxmlregrep:ObjectType:RegistryObject:ExternalIdentifier" id="ID_003">
                <Name>
                    <LocalizedString value="XDSDocumentEntry.uniqueId"/>
                </Name>
            </ExternalIdentifier>
            <ExternalIdentifier registryObject="urn:uuid:1ba84a13-e9bc-4a75-9c0e-ca8ac65e70c1" identificationScheme="urn:uuid:58a6f841-87b3-4a3e-92fd-a8ffeff98427" value="8003600000002227^^^&amp;1.2.36.1.2001.1003.0&amp;ISO" objectType="urn:oasis:names:tc:ebxmlregrep:ObjectType:RegistryObject:ExternalIdentifier" id="ID_018">
                <Name>
                    <LocalizedString value="XDSDocumentEntry.patientId"/>
                </Name>
            </ExternalIdentifier>
            <ExternalIdentifier registryObject="urn:uuid:1ba84a13-e9bc-4a75-9c0e-ca8ac65e70c1" identificationScheme="urn:uuid:554ac39e-e3fe-47fe-b233-965d2a147832" value="St Vincents PUBLIC Hospital^^^^^^^^^." objectType="urn:oasis:names:tc:ebxmlregrep:ObjectType:RegistryObject:ExternalIdentifier" id="ID_020">
                <Name>
                    <LocalizedString value="XDSSubmissionSet.sourceId"/>
                </Name>
            </ExternalIdentifier>
        </Identifiable>
        <Identifiable xsi:type="ExtrinsicObjectType" mimeType="application/xml" objectType="urn:uuid:7edca82f-054d-47f2-a032-9b2a5b5186c1" id="urn:uuid:69882096-ec9d-4f0f-b5fd-973ce4755f61" xmlns:xsi="http://www.w3.org/2001/XMLSchema-instance">
            <Slot name="creationTime">
                <ValueList>
                    <Value>20120322143759</Value>
                </ValueList>
            </Slot>
            <Slot name="sourcePatientId">
                <ValueList>
                    <Value>8003600000002227^^^&amp;1.2.36.1.2001.1003.0&amp;ISO</Value>
                </ValueList>
            </Slot>
            <Slot name="languageCode">
                <ValueList>
                    <Value>au-en</Value>
                </ValueList>
            </Slot>
            <Slot name="URI">
                <ValueList>
                    <Value>CDA_SIGN.XML</Value>
                </ValueList>
            </Slot>
            <Classification classificationScheme="urn:uuid:93606bcf-9494-43ec-9b4e-a7748d1a838d" classifiedObject="urn:uuid:69882096-ec9d-4f0f-b5fd-973ce4755f61" nodeRepresentation="" objectType="urn:oasis:names:tc:ebxmlregrep:ObjectType:RegistryObject:Classification" id="ID_028">
                <Slot name="authorPerson">
                    <ValueList>
                        <Value>^EHSEED^EDGAR^^DR^^^^&amp;&amp;ISO</Value>
                    </ValueList>
                </Slot>
                <Slot name="authorInstitution">
                    <ValueList>
                        <Value>St Vincents PUBLIC Hospital^^^^^^^^^.</Value>
                    </ValueList>
                </Slot>
            </Classification>
            <Classification classificationScheme="urn:uuid:41a5887f-8865-4c09-adf7-e362475b143a" classifiedObject="urn:uuid:69882096-ec9d-4f0f-b5fd-973ce4755f61" nodeRepresentation="57133-1" objectType="urn:oasis:names:tc:ebxmlregrep:ObjectType:RegistryObject:Classification" id="ID_030">
                <Slot name="codingScheme">
                    <ValueList>
                        <Value>LOINC</Value>
                    </ValueList>
                </Slot>
                <Name>
                    <LocalizedString value="Referral note"/>
                </Name>
            </Classification>
            <Classification classificationScheme="urn:uuid:f4f85eac-e6cb-4883-b524-f2705394840f" classifiedObject="urn:uuid:69882096-ec9d-4f0f-b5fd-973ce4755f61" nodeRepresentation="385432009" objectType="urn:oasis:names:tc:ebxmlregrep:ObjectType:RegistryObject:Classification" id="ID_031">
                <Slot name="codingScheme">
                    <ValueList>
                        <Value>SNOMED-CT</Value>
                    </ValueList>
                </Slot>
                <Name>
                    <LocalizedString value="Not applicable"/>
                </Name>
            </Classification>
            <Classification classificationScheme="urn:uuid:a09d5840-386c-46f2-b5ad-9c3699a4309d" classifiedObject="urn:uuid:69882096-ec9d-4f0f-b5fd-973ce4755f61" nodeRepresentation="385432009" objectType="urn:oasis:names:tc:ebxmlregrep:ObjectType:RegistryObject:Classification" id="ID_032">
                <Slot name="codingScheme">
                    <ValueList>
                        <Value>SNOMED-CT</Value>
                    </ValueList>
                </Slot>
                <Name>
                    <LocalizedString value="Not applicable"/>
                </Name>
            </Classification>
            <Classification classificationScheme="urn:uuid:f33fb8ac-18af-42cc-ae0e-ed0b0bdb91e1" classifiedObject="urn:uuid:69882096-ec9d-4f0f-b5fd-973ce4755f61" nodeRepresentation="8401" objectType="urn:oasis:names:tc:ebxmlregrep:ObjectType:RegistryObject:Classification" id="ID_033">
                <Slot name="codingScheme">
                    <ValueList>
                        <Value>ANZSIC</Value>
                    </ValueList>
                </Slot>
                <Name>
                    <LocalizedString value="Hospitals (except Psychiatric Hospitals)"/>
                </Name>
            </Classification>
            <Classification classificationScheme="urn:uuid:cccf5598-8b07-4b77-a05e-ae952c785ead" classifiedObject="urn:uuid:69882096-ec9d-4f0f-b5fd-973ce4755f61" nodeRepresentation="8401-6" objectType="urn:oasis:names:tc:ebxmlregrep:ObjectType:RegistryObject:Classification" id="ID_034">
                <Slot name="codingScheme">
                    <ValueList>
                        <Value>ANZSIC</Value>
                    </ValueList>
                </Slot>
                <Name>
                    <LocalizedString value="Hospital (except psychiatric or veterinary hospitals)"/>
                </Name>
            </Classification>
            <Classification classificationScheme="urn:uuid:f0306f51-975f-434e-a61c-c59651d33983" classifiedObject="urn:uuid:69882096-ec9d-4f0f-b5fd-973ce4755f61" nodeRepresentation="57133-1" objectType="urn:oasis:names:tc:ebxmlregrep:ObjectType:RegistryObject:Classification" id="ID_035">
                <Slot name="codingScheme">
                    <ValueList>
                        <Value>LOINC</Value>
                    </ValueList>
                </Slot>
                <Name>
                    <LocalizedString value="Referral note"/>
                </Name>
            </Classification>
            <ExternalIdentifier registryObject="urn:uuid:69882096-ec9d-4f0f-b5fd-973ce4755f61" identificationScheme="urn:uuid:2e82c1f6-a085-4c72-9da3-8640a32e42ab" value="2.25.4780304100055040338100763477543951134" objectType="urn:oasis:names:tc:ebxmlregrep:ObjectType:RegistryObject:ExternalIdentifier" id="ID_004">
                <Name>
                    <LocalizedString value="XDSDocumentEntry.uniqueId"/>
                </Name>
            </ExternalIdentifier>
            <ExternalIdentifier registryObject="urn:uuid:69882096-ec9d-4f0f-b5fd-973ce4755f61" identificationScheme="urn:uuid:58a6f841-87b3-4a3e-92fd-a8ffeff98427" value="8003600000002227^^^&amp;1.2.36.1.2001.1003.0&amp;ISO" objectType="urn:oasis:names:tc:ebxmlregrep:ObjectType:RegistryObject:ExternalIdentifier" id="ID_027">
                <Name>
                    <LocalizedString value="XDSDocumentEntry.patientId"/>
                </Name>
            </ExternalIdentifier>
            <ExternalIdentifier registryObject="urn:uuid:69882096-ec9d-4f0f-b5fd-973ce4755f61" identificationScheme="urn:uuid:554ac39e-e3fe-47fe-b233-965d2a147832" value="St Vincents PUBLIC Hospital^^^^^^^^^." objectType="urn:oasis:names:tc:ebxmlregrep:ObjectType:RegistryObject:ExternalIdentifier" id="ID_029">
                <Name>
                    <LocalizedString value="XDSSubmissionSet.sourceId"/>
                </Name>
            </ExternalIdentifier>
        </Identifiable>
        <Identifiable xsi:type="ClassificationType" classificationScheme="urn:uuid:a54d6aa5-d40d-43f9-88c5-b4633d873bdd" classifiedObject="urn:uuid:c7ef9bef-f6cf-4074-9f6f-dc9cd719d493" objectType="urn:oasis:names:tc:ebxmlregrep:ObjectType:RegistryObject:Classification" id="ID_036" xmlns:xsi="http://www.w3.org/2001/XMLSchema-instance"/>
        <Identifiable xsi:type="AssociationType1" associationType="urn:oasis:names:tc:ebxml-regrep:AssociationType:HasMember" sourceObject="urn:uuid:c7ef9bef-f6cf-4074-9f6f-dc9cd719d493" targetObject="urn:uuid:95bf364e-1ccc-48c2-923a-bcf2a2d1d3da" objectType="urn:oasis:names:tc:ebxml-regrep:ObjectType:RegistryObject:Association" id="ID_037" xmlns:xsi="http://www.w3.org/2001/XMLSchema-instance"/>
        <Identifiable xsi:type="AssociationType1" associationType="urn:oasis:names:tc:ebxml-regrep:AssociationType:HasMember" sourceObject="urn:uuid:c7ef9bef-f6cf-4074-9f6f-dc9cd719d493" targetObject="urn:uuid:1ba84a13-e9bc-4a75-9c0e-ca8ac65e70c1" objectType="urn:oasis:names:tc:ebxml-regrep:ObjectType:RegistryObject:Association" id="ID_038" xmlns:xsi="http://www.w3.org/2001/XMLSchema-instance"/>
        <Identifiable xsi:type="AssociationType1" associationType="urn:oasis:names:tc:ebxml-regrep:AssociationType:HasMember" sourceObject="urn:uuid:c7ef9bef-f6cf-4074-9f6f-dc9cd719d493" targetObject="urn:uuid:69882096-ec9d-4f0f-b5fd-973ce4755f61" objectType="urn:oasis:names:tc:ebxml-regrep:ObjectType:RegistryObject:Association" id="ID_039" xmlns:xsi="http://www.w3.org/2001/XMLSchema-instance"/>
        <Identifiable xsi:type="AssociationType1" associationType="urn:ihe:iti:2007:AssociationType:signs" sourceObject="urn:uuid:69882096-ec9d-4f0f-b5fd-973ce4755f61" targetObject="urn:uuid:95bf364e-1ccc-48c2-923a-bcf2a2d1d3da" objectType="urn:oasis:names:tc:ebxml-regrep:ObjectType:RegistryObject:Association" id="ID_040" xmlns:xsi="http://www.w3.org/2001/XMLSchema-instance"/>
    </RegistryObjectList>
</ns3:SubmitObjectsRequest>
